Text,Annotator 1,Annotator 2,Annotator 3,Sentiment,SourceSheet,Unanimous,Stratum
par me final me india ko jitwanay nahi do gi {(nix)}ok....me srilanka ko jitwao gi.....bas me chatti ho kay india nahi jeetay ...or koi bhalay jeet jai...,neutral,neutral,neutral,neutral,sports,True,sports§neutral
ALLAH PAK team ko apney hifzo amaan mai rakey ameen👍👍👍👍👍,positive,positive,positive,positive,sports,True,sports§positive
best of luck shahid bhai abi nhi tu kabi nhi,neutral,neutral,neutral,neutral,sports,True,sports§neutral
ghar me ghoss kar mary gay India ko inshallah,negative,negative,negative,negative,sports,True,sports§negative
shoaib bhai s dfha t20 wc ma achi prfamis krna please mayos na krna qk ma apka boht bhra fan hun,positive,positive,positive,positive,sports,True,sports§positive
laikin sir ap nai puri Qum ko Mayos kar diya hai.,negative,negative,negative,negative,sports,True,sports§negative
Hahaha Lhr Ajao na Sb Sath McDonald's jaen gay 😄 Eeeeeeeeee😍 @rizvi_j,neutral,neutral,neutral,neutral,sports,True,sports§neutral
Main agay bethungi plissssss!🙈🙈🙈,neutral,neutral,neutral,neutral,sports,True,sports§neutral
o mera hai wo tera hi hai,neutral,neutral,neutral,neutral,sports,True,sports§neutral
aap hme bilkul he bool gye hai ??,negative,negative,negative,negative,sports,True,sports§negative
shahid bhai ALLAH PAAK apko kaamyaab karen.Ameen,positive,positive,positive,positive,sports,True,sports§positive
. 20 sal say nahusat phelai hui hai tum nay.. ab jan chor do.. laalchi admi..,negative,negative,negative,negative,sports,True,sports§negative
OK lkin mene nhi ana mai q auu jb apki team hi nhi hogi:-(,negative,negative,negative,negative,sports,True,sports§negative
Shah Ji wo pls mujhe apko ye kehna tha k plsssssssssssssss apni crazy choti c fan,positive,positive,positive,positive,sports,True,sports§positive
"Bhai, kum se kum sasti wali afeem toh na kiya karo.",negative,negative,negative,negative,sports,True,sports§negative
mujhe 1 month phle kia tha Lala ne reply us k bd me off rhti thi ab me itnyy twits krti hon but no reply,negative,negative,negative,negative,sports,True,sports§negative
lala mje apse baat krni hai plz online ajaye na :-(,neutral,neutral,neutral,neutral,sports,True,sports§neutral
Lala apki captaincy waqai hi bht change hai team ne apki captani mai zbrdst khela hai mabrook Lala (:,positive,positive,positive,positive,sports,True,sports§positive
koi jawan achank hadsati mot mary to har ek ko us ka dukh lagta h.,negative,negative,negative,negative,sports,True,sports§negative
ahahahah lalaa nez land walO ki Dil Took Gya. Kingrose team ko hebratnak sekast. K,negative,negative,negative,negative,sports,True,sports§negative
lala . Aap n hit buhat khrab kheli thi next time bouncer ko plz mat khelna,negative,negative,negative,negative,sports,True,sports§negative
"Hahaha Mere Lala Mujse B Great Hain, :* Mera Name Chck KroOo.",positive,positive,positive,positive,sports,True,sports§positive
"Lally ka record koi itna acha nai, Is ke cptncy mn pak 11 match hara 8 jeeta :/",negative,negative,negative,negative,sports,True,sports§negative
i know pr ma to apne tweet brhany k liy kr ri hn,neutral,neutral,neutral,neutral,sports,True,sports§neutral
haan.jo apke piche piche mai v..afiridi jara khayal rakein ap,positive,positive,positive,positive,sports,True,sports§positive
Agr ap bat sun ly ge to ap ka bohat zada thnks ho ga bahi shahid,positive,positive,positive,positive,sports,True,sports§positive
cant tell u lala aj kitni mushkil hui ghar anna mein =/ pehli daffa ehsas hua tv par sahi dekhata han lol,neutral,neutral,neutral,neutral,sports,True,sports§neutral
tks Shahid hahahahhahahha kal ap ny hamy tang kiya aaj hamari baari thi yupiiiiiiiiiiiiiiiiiiiiiiiiii hahahaja,negative,negative,negative,negative,sports,True,sports§negative
hahaha hmmm Lala ap Football team b j0in kr len,neutral,neutral,neutral,neutral,sports,True,sports§neutral
MASHA ALLAH.. bhut acha feel ho raha hai aap sab playerz ko 1 sath itny ache mood mai dekh ker. :),positive,positive,positive,positive,sports,True,sports§positive
dekha do duniya ko k aap waqi star ho just selfiiiiii star nahi,neutral,neutral,neutral,neutral,sports,True,sports§neutral
India vs pak ka sb sa zaida wait ha wo jaldi sa ho jy,neutral,neutral,neutral,neutral,sports,True,sports§neutral
wow mn abhi apko yad kr rhi thi balky apky about he bt kr rhi thi ap ki tweet a gai wow,positive,positive,positive,positive,sports,True,sports§positive
shukr krain ap garh baithay hain :p,positive,positive,positive,positive,sports,True,sports§positive
"Ahmad bhai sb haar ke bad boht sad hein, pls chat session karlein thora gham kam hojayega pls pls",neutral,neutral,neutral,neutral,sports,True,sports§neutral
Bhaiiii jeet ki khushi Mian Aj follow e dy do na plgggggggg,positive,positive,positive,positive,sports,True,sports§positive
ji bhai ye autoupdate he,neutral,neutral,neutral,neutral,"software, blogs & forum reviews",True,"software, blogs & forum reviews§neutral"
ye virus remove nai karta,negative,negative,negative,negative,"software, blogs & forum reviews",True,"software, blogs & forum reviews§negative"
Zabardast,positive,positive,positive,positive,"software, blogs & forum reviews",True,"software, blogs & forum reviews§positive"
agar Rules k khilaf hota to ab tak block ho chuka hota ma na ya thread sirif un logon k liya banaya ha jo apna pasword bhol jaty hain na k un logo k liya jo iss ka miss use karian gy or isi liya meri sab sa guzarish ha k plzzzzz plzzzz iss ko miss use mat kariyega.,negative,negative,negative,negative,"software, blogs & forum reviews",True,"software, blogs & forum reviews§negative"
aap say kis nay kaha?? Bhaai jis k paas anti-virus na ho uska hack honay main zyada khatra hay,negative,negative,negative,negative,"software, blogs & forum reviews",True,"software, blogs & forum reviews§negative"
Bohot khob,positive,positive,positive,positive,"software, blogs & forum reviews",True,"software, blogs & forum reviews§positive"
aur bhai ik baat azmane ke baad yahan par comment zaroor dijye ga ta ke dosre member ko bi is ki speed ka pata chalay,neutral,neutral,neutral,neutral,"software, blogs & forum reviews",True,"software, blogs & forum reviews§neutral"
bohat achi,positive,positive,positive,positive,"software, blogs & forum reviews",True,"software, blogs & forum reviews§positive"
par iska kya faida,neutral,neutral,neutral,neutral,"software, blogs & forum reviews",True,"software, blogs & forum reviews§neutral"
Bhai Aap Ki Request Ke Liye Ye Munasib Thread Nehi Hai,negative,negative,negative,negative,"software, blogs & forum reviews",True,"software, blogs & forum reviews§negative"
"yaar s tra ki sharing mjy zehr lagty han,,, pta ni kya msla hy log thaks thaks khty hn jb  hmy page nazar he nha ata............... yaara hme b btaona plzzzzzzzzzzzzzz",negative,negative,negative,negative,"software, blogs & forum reviews",True,"software, blogs & forum reviews§negative"
aap k yahan islamic huloomat k bawjood aaj Aashiq e Rasool Ghazi Mumtaz Qadri Jail K Salkhon k peeche hai.,negative,negative,negative,negative,"software, blogs & forum reviews",True,"software, blogs & forum reviews§negative"
acha Tareeka hai smjhanay ka,positive,positive,positive,positive,"software, blogs & forum reviews",True,"software, blogs & forum reviews§positive"
bhai muj ko bahut pasan aya,positive,positive,positive,positive,"software, blogs & forum reviews",True,"software, blogs & forum reviews§positive"
main ny Avast instal kr lia hy  ye buht acha chal rha hy  pehly main Avira use kr raha tha  wo bhi load nhi dalta tha per per wo start hony main buht time lagata tha .mera system onhony main 10 min lga deta tha. aur oper se humary bijli waly itny shararti hain. jb com start ho jata tha saath bijli bnd ho jati thi :P per abhi theek chal raha hy  avast fit hy,positive,positive,positive,positive,"software, blogs & forum reviews",True,"software, blogs & forum reviews§positive"
Ye b azma k dekhty he shyd kbi free net chal jaye........aj tk nai chala sb try kia he....,negative,negative,negative,negative,"software, blogs & forum reviews",True,"software, blogs & forum reviews§negative"
ye bht masla daita hy... aj kal... apps khud he opn hojati hain.. kaam k apps khud he bndd ho jati hy,negative,negative,negative,negative,"software, blogs & forum reviews",True,"software, blogs & forum reviews§negative"
masha ALLAH zabardast thread useful thread hai,positive,positive,positive,positive,"software, blogs & forum reviews",True,"software, blogs & forum reviews§positive"
janab ye download nahi ho raha,negative,negative,negative,negative,"software, blogs & forum reviews",True,"software, blogs & forum reviews§negative"
"login na warid ka shuru say kabhi stable howa, na ufone ka. Zong ka kafi behtar hay laiken telenor ka sab say best",positive,positive,positive,positive,"software, blogs & forum reviews",True,"software, blogs & forum reviews§positive"
5 kese????????????//,neutral,neutral,neutral,neutral,"software, blogs & forum reviews",True,"software, blogs & forum reviews§neutral"
Aap itni nazuk mizaaj hain yaqeen nahi aata. Wawa kya baat hy nazar kaam karna chorh gaya tha kya? Chalo is bahany taste tu.chak liya.,negative,negative,negative,negative,"software, blogs & forum reviews",True,"software, blogs & forum reviews§negative"
Haha M Sub Keehl kehl lyti ho Sachi me meri urdu Bhut Week hy Roman And Simple urdu Dono Weeek :( Or Apna Nick batao u sb Ko .................................................. ..Me Abi Mad nahi hoie jo batao Apna nick meri grani behi na..:,negative,negative,negative,negative,"software, blogs & forum reviews",True,"software, blogs & forum reviews§negative"
Shayad diya ho. Tum kaisy maloom.,neutral,neutral,neutral,neutral,"software, blogs & forum reviews",True,"software, blogs & forum reviews§neutral"
bohot he Acha sisila Hai,positive,positive,positive,positive,"software, blogs & forum reviews",True,"software, blogs & forum reviews§positive"
"Boht hi alla , ye rank tho maira hi ta maghar chalo bahsh daita hon, mazaq kar raha ta ,",positive,positive,positive,positive,"software, blogs & forum reviews",True,"software, blogs & forum reviews§positive"
Hame Janny karne k liy visit kijye Hamari Interview thread... :),neutral,neutral,neutral,neutral,"software, blogs & forum reviews",True,"software, blogs & forum reviews§neutral"
u bhi chota sa certificate dedo jo clear na ho lol :p,negative,negative,negative,negative,"software, blogs & forum reviews",True,"software, blogs & forum reviews§negative"
points ka be kuch intezam kerty hain,neutral,neutral,neutral,neutral,"software, blogs & forum reviews",True,"software, blogs & forum reviews§neutral"
kia aap mujhe Opera 7 ki Registration key de sukte hain........,neutral,neutral,neutral,neutral,"software, blogs & forum reviews",True,"software, blogs & forum reviews§neutral"
Yar app yay software download kar lain app ki Windows Genuine (Orignel) ho jae gi. Iss link say kar lain:,neutral,neutral,neutral,neutral,"software, blogs & forum reviews",True,"software, blogs & forum reviews§neutral"
hshahaha actually silentjan ke post ko quote krna thaaa apki ko kr diyeaaaa,neutral,neutral,neutral,neutral,"software, blogs & forum reviews",True,"software, blogs & forum reviews§neutral"
Zabardast............kal hi maine socha muzafar bhai kahan ghaib ho gaye yar.....  Buhat khoob.....  Buhat hi acha tutorial hai..,positive,positive,positive,positive,"software, blogs & forum reviews",True,"software, blogs & forum reviews§positive"
bhai nh howa .. :( esa,negative,negative,negative,negative,"software, blogs & forum reviews",True,"software, blogs & forum reviews§negative"
achi class hai,positive,positive,positive,positive,"software, blogs & forum reviews",True,"software, blogs & forum reviews§positive"
Haww aww inni jaldi maan gye :eek: wowwwwww =)),positive,positive,positive,positive,"software, blogs & forum reviews",True,"software, blogs & forum reviews§positive"
bro Ap ko kahan par masla araha ha ap batya main InshALLAH usko Hal krny ke kosis kronga,neutral,neutral,neutral,neutral,"software, blogs & forum reviews",True,"software, blogs & forum reviews§neutral"
but Bro is ki kuch pictures bhi share karo ta k andaza ho k ap ka layout kis tarhan ka hai.,neutral,neutral,neutral,neutral,"software, blogs & forum reviews",True,"software, blogs & forum reviews§neutral"
janab koi software bataye jo system ke liye ho jisse datacard / dongle use kare to uses ka pata chale,neutral,neutral,neutral,neutral,"software, blogs & forum reviews",True,"software, blogs & forum reviews§neutral"
"bilkul, ghult baat hai. Un log ke saath ziadati hai jin ki English itni achi nahi. Ab un k pass bus thank you ka word hi reh jata hai bus.",negative,negative,negative,negative,"movies,dramas,talkshows,gossips",True,"movies,dramas,talkshows,gossips§negative"
tou wo urdu bol len na unhe kon mana kr raha h.... but ap ne sai kaha mahol e eng ka tha tou wo kya krte.... :(,neutral,neutral,neutral,neutral,"movies,dramas,talkshows,gossips",True,"movies,dramas,talkshows,gossips§neutral"
bike pr aala lg rae hen dono... :),positive,positive,positive,positive,"movies,dramas,talkshows,gossips",True,"movies,dramas,talkshows,gossips§positive"
Herat ki baat ye hai kay Sheheryar Munawwar ne kabhi bhi apnay kisi interview mein iss baat kaa ziker nahi kiya kay wo Sultana Siddiqui kaa bhateeja hai. Ye baat mujhay bhi aaj hee pata chali.,negative,negative,negative,negative,"movies,dramas,talkshows,gossips",True,"movies,dramas,talkshows,gossips§negative"
shukar hai kisi ne to likha. Aur likha bhi wohi kuch jo maine mehsoos kiya.,positive,positive,positive,positive,"movies,dramas,talkshows,gossips",True,"movies,dramas,talkshows,gossips§positive"
bharay baba se kiya wada bhi nibhana hai aur mjhe rohi pa bilkul tars nahi aya aur na Hi os ki hamdardi ma ose room se nikalwany ka wait tha.bus yeh tha k rohi nikalay gi tabhi wali ko kuch bata sakay gi na.isliya bus bechani Thi k kab proudy stick (roohi) bahar ai aur call karay.,negative,negative,negative,negative,"movies,dramas,talkshows,gossips",True,"movies,dramas,talkshows,gossips§negative"
Diyar-e-Dil ki baat ho aur saath mai Jackson Heights ki to maza kharab ho jata hai. ;),negative,negative,negative,negative,"movies,dramas,talkshows,gossips",True,"movies,dramas,talkshows,gossips§negative"
Ajj kal rohi gareeb hoe ve hai iss liye :),negative,negative,negative,negative,"movies,dramas,talkshows,gossips",True,"movies,dramas,talkshows,gossips§negative"
Achi baat hai:) Comment krne ka thank you.,positive,positive,positive,positive,"movies,dramas,talkshows,gossips",True,"movies,dramas,talkshows,gossips§positive"
'aurat jub shukk krti hai to ghar jorny lgti hai lekin jub mard shukk karta hai to ghar tor deta hai',neutral,neutral,neutral,neutral,"movies,dramas,talkshows,gossips",True,"movies,dramas,talkshows,gossips§neutral"
mery khiyal se Salahu ko aik bar Mannu se baat kr leni chahiye thi....,neutral,neutral,neutral,neutral,"movies,dramas,talkshows,gossips",True,"movies,dramas,talkshows,gossips§neutral"
"Thank you so much Candle, hamesha ki tarhaan appreciate karne ke liye aur aik humorous comment dene ke liye.",positive,positive,positive,positive,"movies,dramas,talkshows,gossips",True,"movies,dramas,talkshows,gossips§positive"
Lol Candle aap ne tou sab chrcters k bikul sahi names k sath define kiya hy.:D Rameez pshyco hone k sath sath Girgitt bhi tha..jo her sence mein apna rung badalta rehta tha..:D,neutral,neutral,neutral,neutral,"movies,dramas,talkshows,gossips",True,"movies,dramas,talkshows,gossips§neutral"
Nhi....agy clip nhi dekhi app ny??,negative,negative,negative,negative,"movies,dramas,talkshows,gossips",True,"movies,dramas,talkshows,gossips§negative"
Daekho jaha insaan hae waha Khair bhee hae aur Shar bhee! Yeh sik'kay kae 2 rukh hae hum insano kae!,neutral,neutral,neutral,neutral,"movies,dramas,talkshows,gossips",True,"movies,dramas,talkshows,gossips§neutral"
Agar ho sakhai to please Bin Roye bhi upload kardi jiye ga I really want to watch it :´(?,neutral,neutral,neutral,neutral,"movies,dramas,talkshows,gossips",True,"movies,dramas,talkshows,gossips§neutral"
"Meinne recently jo dekhe un mai Oh My Venus aur She Was Pretty bohat achay the, matlab simple si stories hain",positive,positive,positive,positive,"movies,dramas,talkshows,gossips",True,"movies,dramas,talkshows,gossips§positive"
Dhandli na hoy hoti to Imran Khan ne ye sab system thek b kr dena tha.,positive,positive,positive,positive,"movies,dramas,talkshows,gossips",True,"movies,dramas,talkshows,gossips§positive"
Sir me ap se ye kehna chahta hu k mere papa bahir saudia me kam karte hai or jo kafeel hai wo lysence nai bana kar de raha plzz kuch btaye or istikhara kar ke mujhe btaye plzzz,negative,negative,negative,negative,"movies,dramas,talkshows,gossips",True,"movies,dramas,talkshows,gossips§negative"
. Ab ppp k doston ko corruption me pakra ja raha he to Zardari saheb Misak e Jumhuriyat k waday yad dilany me 100% haq bejanib han.....,negative,negative,negative,negative,"movies,dramas,talkshows,gossips",True,"movies,dramas,talkshows,gossips§negative"
"Altaf Hussain mulk k khilaf London me biyan bazi karta he or Pakistan me rabta comittyi us ki taeid karti he. Pakistan me bohet sari courts ne Altaf k worrent giriftari jari kiye han or bohet log hukumat se matalba karty han k Altaf ko interpol ki madad se wapis laya jay. hairat ki bat he Altaf to Londan me beitha he, jo us ki taaeid karty han or Altaf k haq me safaiyan or beyan deity han, un ko giriftar kun nhi kiya jata ?",negative,negative,negative,negative,"movies,dramas,talkshows,gossips",True,"movies,dramas,talkshows,gossips§negative"
Kala Pesa Pyar is very interesting please rat ko b repeat krdya kre 10 bj light h n hoti,positive,positive,positive,positive,"movies,dramas,talkshows,gossips",True,"movies,dramas,talkshows,gossips§positive"
ap ka show jaisa b ho ap k,neutral,neutral,neutral,neutral,"movies,dramas,talkshows,gossips",True,"movies,dramas,talkshows,gossips§neutral"
sabhi chanals achy han lakin mujhy comedy programs ziada pasand han jesay keh,positive,positive,positive,positive,"movies,dramas,talkshows,gossips",True,"movies,dramas,talkshows,gossips§positive"
jo pakistani dosre molko mein qaid hain in k liye tehreek chalai jae,negative,negative,negative,negative,"movies,dramas,talkshows,gossips",True,"movies,dramas,talkshows,gossips§negative"
masaallah allah apko bahot zyada tarakki ata farmaye .me gujarat .india.,positive,positive,positive,positive,"movies,dramas,talkshows,gossips",True,"movies,dramas,talkshows,gossips§positive"
mery peer ka fezaan jari rahy ga insha Allah .........,positive,positive,positive,positive,"movies,dramas,talkshows,gossips",True,"movies,dramas,talkshows,gossips§positive"
"mera ye comments khas tor py mery bhai Gulam e Saadat of Suriya sahib keliye ha,to jnab bhai(Yoon to Syad bhi ho,Butt bhi ho,Rana bhi ho,Jutt bhi ho,Afghan bhi ho,Bloch bhi ho,muhajir bhi ho,Tum sabhi kuch ho,Batao keh tum musalman bhi ho?sab apna ehtsab kareen or apny ander jhank k dekheen plz k ap waiqy 1 musalman ho?bicoz 1 musalman kabhi firqa waraiyat or intshar ko philany ki bateen nhi karta,1 sacha musalman Allah py yaqeen rakhta hai,jis ne Hazrat Adam(a.s)ko bin maa bap k paida kiya,Hazrat Ismaeel(a.s)ki Qurbani k badly Abe zum zum diya,or Hazrat younas(a.s)ko 40 din fish k paet ma zinda rakha,Hazrat yousaf (a.s)ko Lamehdood husan se nawaza",neutral,neutral,neutral,neutral,"movies,dramas,talkshows,gossips",True,"movies,dramas,talkshows,gossips§neutral"
aslam-u-alikum to all...! please mujhy ye bta dain k jo 24 channel ki documentry ka time kiya hai please bta dain......,neutral,neutral,neutral,neutral,"movies,dramas,talkshows,gossips",True,"movies,dramas,talkshows,gossips§neutral"
ek piyar kahani buhat acha drama tha....,positive,positive,positive,positive,"movies,dramas,talkshows,gossips",True,"movies,dramas,talkshows,gossips§positive"
mujy jeeto pakistan acha lagta hai bcoz iss show k host Fahad bhai hain i like him very much,positive,positive,positive,positive,"movies,dramas,talkshows,gossips",True,"movies,dramas,talkshows,gossips§positive"
"Sad episode, aaj ki epi dekh kr Maanu aur Salahuddin k liye boht afsoos hoa....",negative,negative,negative,negative,"movies,dramas,talkshows,gossips",True,"movies,dramas,talkshows,gossips§negative"
bkwas kar dia hai iss drama ko... ashiq sahib ko apni lage hue hai jab px waldain to apna bacho k lia kuch karty hai 2no betia ghr se bahr hai lekin iss ashiq sahib ki apna drama khatm nahe ho rahy,negative,negative,negative,negative,"movies,dramas,talkshows,gossips",True,"movies,dramas,talkshows,gossips§negative"
kisi bhi msle ka hal nikalne k lye use positive way me solve krne ki koshish krni chaye jo k in 2no baap beti ne nhi ki.,neutral,neutral,neutral,neutral,"movies,dramas,talkshows,gossips",True,"movies,dramas,talkshows,gossips§neutral"
"Reality main koi lrki esa kr bhi le to wahid aitraz non Muslim hone PR hoga. Ghalat image dikhaya! Phir jb use aik Pakistani Muslim khatoon multi hain, woh itniiiii lalchi dikhai K us se sb kuch chheen leti hai. :",negative,negative,negative,negative,"movies,dramas,talkshows,gossips",True,"movies,dramas,talkshows,gossips§negative"
pak k kon kon se dramas dekhe hen ap ne???,neutral,neutral,neutral,neutral,"movies,dramas,talkshows,gossips",True,"movies,dramas,talkshows,gossips§neutral"
Acha jahan pr star hai usko fill krna hai?,neutral,neutral,neutral,neutral,"movies,dramas,talkshows,gossips",True,"movies,dramas,talkshows,gossips§neutral"
"Koi baat nhi....right, Minal ki ankhein thori bari hain Aiman se.",positive,positive,positive,positive,"movies,dramas,talkshows,gossips",True,"movies,dramas,talkshows,gossips§positive"
yeh kaunsa cartoon hai..? :),neutral,neutral,neutral,neutral,"movies,dramas,talkshows,gossips",True,"movies,dramas,talkshows,gossips§neutral"
Great job Salam Apki Khidmat Hamara lia Jo hain Sir Thanku,positive,positive,positive,positive,politics,True,politics§positive
Allah aapko kamiyab kry n In sha Allah next Pm aap he hngy.awaam ki awaaz Imran khan.,positive,positive,positive,positive,politics,True,politics§positive
"Loha Lohe ko Kat ta hai VIP ne VIP ko Mara, Bachchi ko VIP aisa nahi, HamidMir ne to Khud per chala dia",negative,negative,negative,negative,politics,True,politics§negative
"Talaaq ho nahin rahi, TALAAQ HO Gai. Sharm naal Doob ke Mar Ja IK Niazi.",negative,negative,negative,negative,politics,True,politics§negative
barra kaam ker diya hy ... IK tum boht barry rangbaaz ho,negative,negative,negative,negative,politics,True,politics§negative
ne khan ko har pehloo dekhaaya,neutral,neutral,neutral,neutral,politics,True,politics§neutral
Boht Acha ho ha Inshallah,positive,positive,positive,positive,politics,True,politics§positive
bichara lakda...  Zindagi bhar taunts bardasht karay ga. ????,negative,negative,negative,negative,politics,True,politics§negative
khan ko rokna mushkil hi nahi..,positive,positive,positive,positive,politics,True,politics§positive
india kisi be sOrat pakistan kO apna dOst nai bnana chata hai.,negative,negative,negative,negative,politics,True,politics§negative
jotian Marty hain in k Sar mei hm sb mil k Khan sb...,negative,negative,negative,negative,politics,True,politics§negative
sab ko kiyani ke pichey laga kar saudi se deal ki jayge. .lol,neutral,neutral,neutral,neutral,politics,True,politics§neutral
ju ghalt kry ga wo bharey ga b...,negative,negative,negative,negative,politics,True,politics§negative
pakistan ki badqismati hi yahi Rahi hae k ihtasab sirf kamzoor logoo ka hota hae.,negative,negative,negative,negative,politics,True,politics§negative
saab g..ap b kisi mard ki bat kiya krein...us chawwl ki nai..uski koi zuban hai ??,negative,negative,negative,negative,politics,True,politics§negative
Arshad bhai sind may tu aapku hur kaarwai sahi lag rahi thi ab kiya huwa,negative,negative,negative,negative,politics,True,politics§negative
Alhamdolillah yeh munafiq log janay waley hein kum bus chuk k rakho allah aap key madad karay aameen,positive,positive,positive,positive,politics,True,politics§positive
Achi ban kr to toot chuki hun,neutral,neutral,neutral,neutral,politics,True,politics§neutral
KHABR LAGAI HA TU NAAM BHI BATANE PARAIN GE.SARI QUOM CHONK UTHI HAMID MEER KI ISS KHABER SE.,neutral,neutral,neutral,neutral,politics,True,politics§neutral
hamid mir Allah Tuje hidayat de gadhari chorne ki,neutral,neutral,neutral,neutral,politics,True,politics§neutral
jab tak boots hain. Koi taqdeer maqdeer nahi badleda. Bas Askari-Maadanyat jald start hongi.,negative,negative,negative,negative,politics,True,politics§negative
honi chahiyay thii..ending Iqbal Day holiday was wrong message,negative,negative,negative,negative,politics,True,politics§negative
kya farq parta hai chutti say .... Sb chuttiya cancel honi chahiye,negative,negative,negative,negative,politics,True,politics§negative
"sir mai chahta hn k aap aik talk show is py b kr ly... ""Tableegi ijtema mai kitny paisy lagaingy logo k""",neutral,neutral,neutral,neutral,politics,True,politics§neutral
metro bus k route per rahney walo say malum kerey un ko kitni saulaht us bus say hay sirf siasat chamkaney har chease per nukta chini achi nahi musbat siasat is ko nahi khatey,positive,positive,positive,positive,politics,True,politics§positive
khan hm apki r afridi ki waja se peshawar zalmi ko support kr rhy hain.,positive,positive,positive,positive,politics,True,politics§positive
two months k baad kia hoga?,neutral,neutral,neutral,neutral,politics,True,politics§neutral
Masha Allah  Allah pak janat main jhaga da,positive,positive,positive,positive,politics,True,politics§positive
khan hr kisi ka apki tarah bara dil hona chahiye.u r great khan sb.,positive,positive,positive,positive,politics,True,politics§positive
sikander bakht aik lafz Afridi ke khilaf nhi bol sakta kyu ke Afribi PCB ka jamai babu he...,positive,positive,positive,positive,politics,True,politics§positive
Pak bht important role pay kr sakta ha agr govt aur army same decision kren. .,positive,positive,positive,positive,politics,True,politics§positive
ye hota hai leader....ye hota hai vision...lahore mein betha shaks jisay saudia mein nazar aa jaye,neutral,neutral,neutral,neutral,politics,True,politics§neutral
Apne geeraban mein b jhanko,neutral,neutral,neutral,neutral,politics,True,politics§neutral
khaan sb khanay mei Kia paka hai?,neutral,neutral,neutral,neutral,politics,True,politics§neutral
@imrankhanpti haayye mashallah IK ap na dua lane wala kam kia hai,positive,positive,positive,positive,politics,True,politics§positive
izaz khan ap ka  tiger ap ko dil s salaam kehta hai hamara Jan ap pay qurban hay I love u.,positive,positive,positive,positive,politics,True,politics§positive
Please sir Apni party ma Shahid Khan Afridi ko shamil kare,neutral,neutral,neutral,neutral,politics,True,politics§neutral
Han g main b inhi ka dekhta hu beshak Shoaib bhai ka tweet ho Ahmad shahzad ka ye Hafeez ka Ab Khan sb ka b,neutral,neutral,neutral,neutral,politics,True,politics§neutral
overseas pakistanyano kiliy b kuch kare sir g votes kiliyi ?,neutral,neutral,neutral,neutral,politics,True,politics§neutral
@Hafsa hnh :/ :/,neutral,neutral,neutral,neutral,food and recipes,True,food and recipes§neutral
@Fanii ab nhi mily ga hunhhhhhhhhhhhhhh,negative,negative,negative,negative,food and recipes,True,food and recipes§negative
@kuku20 han kanjoss ho na i know :p,negative,negative,negative,negative,food and recipes,True,food and recipes§negative
Aaj mein ene try kiye :rolleyes:,neutral,neutral,neutral,neutral,food and recipes,True,food and recipes§neutral
"Mein ne pehly khilay hain,baad mein bnay hain :D",neutral,neutral,neutral,neutral,food and recipes,True,food and recipes§neutral
bazar he nhi hai yahan :p,negative,negative,negative,negative,food and recipes,True,food and recipes§negative
ok.thx dear.m also good cook.aur salad decoration bh bht shok se krti hu,positive,positive,positive,positive,food and recipes,True,food and recipes§positive
hr suba aap ko dua daita hun... :),positive,positive,positive,positive,food and recipes,True,food and recipes§positive
kya hoa sarah:p:p,neutral,neutral,neutral,neutral,food and recipes,True,food and recipes§neutral
chalo cooking nai b karni tou kam az kam dishes k nam hi aney chahye hain,negative,negative,negative,negative,food and recipes,True,food and recipes§negative
sis ap zaror try krna ma na b kiya bht achy bny thy,positive,positive,positive,positive,food and recipes,True,food and recipes§positive
wonderful...... khane or sajane dono k liye..very nice:thumbs up:,positive,positive,positive,positive,food and recipes,True,food and recipes§positive
ma to ap ko tag krti hun pta ni kya problem hai sis:unsure:,negative,negative,negative,negative,food and recipes,True,food and recipes§negative
i loveeeeeeeeeeeeeee afghanii pulao,positive,positive,positive,positive,food and recipes,True,food and recipes§positive
han han theek hai,positive,positive,positive,positive,food and recipes,True,food and recipes§positive
Ohh hoo wooow:wideyed:kya bt ha many tu suna ha thora mushkil ha gulab jamun bnana pr tm tu kamyab ho gai ho kya bt ha.:thumbs up:main b try kro gi jb time mila ;),positive,positive,positive,positive,food and recipes,True,food and recipes§positive
nikammy logo,negative,negative,negative,negative,food and recipes,True,food and recipes§negative
ye to hamara apna shoq hai and my mother is too alone so me and my br0 help her and pleased her by preparing etc etc dishes hahaaha,positive,positive,positive,positive,food and recipes,True,food and recipes§positive
Heheheh ap k customer to pakey hai ..,neutral,neutral,neutral,neutral,food and recipes,True,food and recipes§neutral
"mera aik uni fellow hai us ko bhut pasand hai jub bhi outing per jate the wo inhi ki prawns aur shrims ki hi zid krta tha,,,per hum baqi us ki aik nai chalne dete the,,:happy:",neutral,neutral,neutral,neutral,food and recipes,True,food and recipes§neutral
":eek: ab ye din bhi ane the,,,mai mar kio nai gya ye din dekhne se pehle:p:giggle:",negative,negative,negative,negative,food and recipes,True,food and recipes§negative
acha yar shaadi na kar warna lahore kai hospitals mai females patients ki booking full hojaaege ..,negative,negative,negative,negative,food and recipes,True,food and recipes§negative
nai mujhe maar se dar lagta hai:p,negative,negative,negative,negative,food and recipes,True,food and recipes§negative
"nai sub behnoon ko ata hai,,,agr na bhi ata ho tu bhai kahe tu zaroor try krti hai aur bhai jaisa bhi bna ho kuch tareef aur phr mushkil se khane ki koshish krte hai:giggle:",negative,negative,negative,negative,food and recipes,True,food and recipes§negative
"yeh tum na emotional blackmailing mat chorna, bi :p",negative,negative,negative,negative,food and recipes,True,food and recipes§negative
Hafsa phr aap kab khila rahi hain yeh tandoori chargha? ;),neutral,neutral,neutral,neutral,food and recipes,True,food and recipes§neutral
Yahan LINE hai? :o_O: :dead::facepalm:,neutral,neutral,neutral,neutral,food and recipes,True,food and recipes§neutral
kiaa? :eek: yaqeen nahi aya. ap is thread par meri pehli 1t dekh sakti hain. :spin:,negative,negative,negative,negative,food and recipes,True,food and recipes§negative
hmm rahem dil hmy kehty hen ;),positive,positive,positive,positive,food and recipes,True,food and recipes§positive
mujhe bhi na dusroun keh haath ka bna khass lutf deta hai..mazey ka bhi lagta hai buht...kiuyn keh khana assan hota hai na je pakaney ki ba'nissbet..so app kab khila rahi hein humsub ko sana biryani ??,positive,positive,positive,positive,food and recipes,True,food and recipes§positive
buht shukeryia.......................main ney kabhi khaii nahin...........bus sunn he rakha hai iska naam.........Insha'Allah kal bana ker daikhein gey:),positive,positive,positive,positive,food and recipes,True,food and recipes§positive
good janab,positive,positive,positive,positive,food and recipes,True,food and recipes§positive
Salt Agar Payaz daltay time dal dein tou kesa rahe ga?,neutral,neutral,neutral,neutral,food and recipes,True,food and recipes§neutral
ye sweet mujhe boht pasand hai.,positive,positive,positive,positive,food and recipes,True,food and recipes§positive
vegetable pizza kese banaaya jae?plz simple recipe btae,neutral,neutral,neutral,neutral,food and recipes,True,food and recipes§neutral
ap mujhe pls provide kare to main try karun khud se,neutral,neutral,neutral,neutral,food and recipes,True,food and recipes§neutral
Thai rice or singapoorian rice mery khayal me taqreebn same hoty hyn . Ap ka kia khyal hy .?,neutral,neutral,neutral,neutral,food and recipes,True,food and recipes§neutral
asan hai bana lu gi. mere liye koi dish mushkil nahi hai. mai ne boht se mushkil or aise dishes banai hui hain jo Pakistan me boht kum log banate hain. chane ki daal me kiya mushkil hai,neutral,neutral,neutral,neutral,food and recipes,True,food and recipes§neutral
phr chup rahain kch nahi mily ga :p,negative,negative,negative,negative,food and recipes,True,food and recipes§negative
